,Team,Player,Age,2022-23,2023-24,2024-25,2025-26,2026-27,2027-28,Guaranteed
,Boston Celtics,Jayson Tatum,25,"$30,351,780","$32,600,060","$34,848,340","$37,096,620",,,"$97,800,180"
,Boston Celtics,Jaylen Brown,26,"$28,741,071","$30,723,215",,,,,"$59,464,286"
,Boston Celtics,Al Horford,37,"$26,500,000","$10,000,000","$9,500,000",,,,"$46,000,000"
,Boston Celtics,Malcolm Brogdon,30,"$22,600,000","$22,500,000","$22,500,000",,,,"$67,600,000"
,Boston Celtics,Marcus Smart,29,"$17,207,142",,,,,,"$17,207,142"
,Boston Celtics,Derrick White,29,"$16,892,857","$18,107,143","$19,321,429",,,,"$54,321,429"
,Boston Celtics,Robert Williams,25,"$10,937,502","$11,812,501","$12,687,500","$13,562,499",,,"$49,000,002"
,Boston Celtics,Danilo Gallinari,34,"$6,479,000",,,,,,"$6,479,000"
,Boston Celtics,Grant Williams,24,"$4,306,281",,,,,,"$4,306,281"
,Boston Celtics,Mike Muscala,32,"$3,500,000",,,,,,"$3,500,000"
,Boston Celtics,Payton Pritchard,25,"$2,239,200","$4,037,277",,,,,"$6,276,477"
,Boston Celtics,Luke Kornet,27,"$2,133,278","$2,413,304",,,,,"$2,133,278"
,Boston Celtics,Blake Griffin,34,"$1,836,090",,,,,,"$1,836,090"
,Boston Celtics,Sam Hauser,25,"$1,637,966","$1,927,896","$2,092,344",,,,"$5,658,206"
,Boston Celtics,Mfiondu Kabengele,,,,,,,,25
,Boston Celtics,JD Davison,,,,,,,,20
,Boston Celtics,Justin Champagnie,,,,,,,,22
,Boston Celtics,Demetrius Jackson,28,"$92,857","$92,857",,,,,"$185,714"
,Boston Celtics,Team Totals,"$175,455,024","$134,214,253","$100,949,613","$50,659,119",,,,"$421,768,085"
,Atlanta Hawks,Salary,Salary,Salary,Salary,Salary,,,,Salary
,Atlanta Hawks,Player,Age,2022-23,2023-24,2024-25,2025-26,2026-27,,2027-28
,Atlanta Hawks,Trae Young,24,"$37,096,500","$40,064,220","$43,031,940","$45,999,660","$48,967,380",,"$215,159,700"
,Atlanta Hawks,John Collins,25,"$23,500,000","$25,340,000","$26,580,000","$26,580,000",,,"$102,000,000"
,Atlanta Hawks,Clint Capela,29,"$18,706,896","$20,616,000","$22,265,280",,,,"$61,588,176"
,Atlanta Hawks,Bogdan Bogdanovic,30,"$18,000,000","$18,000,000",,,,,"$36,000,000"
,Atlanta Hawks,Dejounte Murray,26,"$16,571,120","$17,714,000",,,,,"$34,285,120"
,Atlanta Hawks,De'Andre Hunter,25,"$9,835,881","$20,089,286","$21,696,429","$23,303,571","$24,910,714",,"$99,835,881"
,Atlanta Hawks,Onyeka Okongwu,22,"$6,395,160","$8,109,063",,,,,"$14,504,223"
,Atlanta Hawks,AJ Griffin,19,"$3,536,160","$3,712,920","$3,889,920","$5,967,137",,,"$7,249,080"
,Atlanta Hawks,Saddiq Bey,24,"$2,959,080","$4,556,983",,,,,"$7,516,063"
,Atlanta Hawks,Jalen Johnson,21,"$2,792,640","$2,925,360","$4,510,905",,,,"$5,718,000"
,Atlanta Hawks,Bruno Fernando,24,"$2,717,391","$2,581,522","$2,717,391","$2,853,260",,,"$2,717,391"
,Atlanta Hawks,Garrison Mathews,26,"$2,000,000","$2,000,000","$2,230,253",,,,"$2,000,000"
,Atlanta Hawks,Aaron Holiday,26,"$1,836,090",,,,,,"$1,836,090"
,Atlanta Hawks,Vit Krejci,23,"$1,563,518","$1,836,096","$1,988,598",,,,"$1,563,518"
,Atlanta Hawks,Tyrese Martin,24,"$1,017,781","$1,719,864",,,,,"$1,017,781"
,Atlanta Hawks,Trent Forrest,,,,,,,,25
,Atlanta Hawks,Team Totals,"$148,528,217","$169,265,314","$128,910,716","$104,703,628","$73,878,094",,,"$592,991,023"
,Brooklyn Nets,Salary,Salary,Salary,Salary,Salary,,,,Salary
,Brooklyn Nets,Player,Age,2022-23,2023-24,2024-25,2025-26,2026-27,,2027-28
,Brooklyn Nets,Ben Simmons,26,"$35,448,672","$37,893,408","$40,338,144",,,,"$113,680,224"
,Brooklyn Nets,Mikal Bridges,26,"$20,100,000","$21,700,000","$23,300,000","$24,900,000",,,"$90,000,000"
,Brooklyn Nets,Spencer Dinwiddie,30,"$19,500,000","$20,357,143",,,,,"$38,357,143"
,Brooklyn Nets,Joe Harris,31,"$18,642,857","$19,928,571",,,,,"$38,571,428"
,Brooklyn Nets,Dorian Finney-Smith,30,"$12,939,848","$13,932,008","$14,924,167","$15,378,480",,,"$41,796,023"
,Brooklyn Nets,Royce O'Neale,30,"$9,200,000","$9,500,000",,,,,"$11,700,000"
,Brooklyn Nets,Nic Claxton,24,"$8,500,000","$8,750,000",,,,,"$17,250,000"
,Brooklyn Nets,Seth Curry,32,"$8,496,653",,,,,,"$8,496,653"
,Brooklyn Nets,Patty Mills,34,"$6,479,000","$6,802,950",,,,,"$13,281,950"
,Brooklyn Nets,Cameron Johnson,27,"$5,887,899",,,,,,"$5,887,899"
,Brooklyn Nets,Cam Thomas,21,"$2,138,160","$2,240,160","$4,041,249",,,,"$2,138,160"
,Brooklyn Nets,Day'Ron Sharpe,21,"$2,109,480","$2,210,040","$3,989,122",,,,"$2,109,480"
,Brooklyn Nets,Edmond Sumner,27,"$1,968,175","$2,239,943",,,,,"$1,968,175"
,Brooklyn Nets,Yuta Watanabe,28,"$1,836,090",,,,,,"$1,836,090"
,Brooklyn Nets,Dru Smith,,,,,,,,25
,Brooklyn Nets,RaiQuan Gray,23,,,,,,,"$2,035,562"
,Brooklyn Nets,David Duke Jr.,,,,,,,,23
,Brooklyn Nets,Jevon Carter,27,"$3,925,000",,,,,,"$3,925,000"
,Brooklyn Nets,Team Totals,"$157,171,834","$145,554,223","$86,592,682","$40,278,480",,,,"$393,033,787"
,Chicago Bulls,Salary,Salary,Salary,Salary,Salary,,,,Salary
,Chicago Bulls,Player,Age,2022-23,2023-24,2024-25,2025-26,2026-27,,2027-28
,Chicago Bulls,Zach LaVine,28,"$37,096,500","$40,064,220","$43,031,940","$45,999,660","$48,967,380",,"$166,192,320"
,Chicago Bulls,DeMar DeRozan,33,"$27,300,000","$28,600,000",,,,,"$55,900,000"
,Chicago Bulls,Lonzo Ball,25,"$19,534,884","$20,465,117","$21,395,348",,,,"$40,000,001"
,Chicago Bulls,Alex Caruso,29,"$9,030,000","$9,460,000","$9,890,000",,,,"$28,380,000"
,Chicago Bulls,Patrick Williams,21,"$7,775,400","$9,835,881",,,,,"$17,611,281"
,Chicago Bulls,Coby White,23,"$7,413,955",,,,,,"$7,413,955"
,Chicago Bulls,Andre Drummond,29,"$3,200,000","$3,360,000",,,,,"$6,560,000"
,Chicago Bulls,Derrick Jones Jr.,26,"$3,200,000","$3,360,000",,,,,"$3,200,000"
,Chicago Bulls,Dalen Terry,20,"$3,191,400","$3,350,760","$3,510,480","$5,399,118",,,"$6,542,160"
,Chicago Bulls,Javonte Green,29,"$1,815,677",,,,,,"$1,815,677"
,Chicago Bulls,Ayo Dosunmu,23,"$1,563,518",,,,,,"$1,563,518"
,Chicago Bulls,Marko Simonovic,23,"$1,563,518","$1,836,096",,,,,"$1,563,518"
,Chicago Bulls,Patrick Beverley,34,"$506,508",,,,,,"$506,508"
,Chicago Bulls,Carlik Jones,25,"$357,717","$1,927,896","$2,092,344",,,,"$357,717"
,Chicago Bulls,Justin Lewis,,,,,,,,21
,Chicago Bulls,Terry Taylor,,,,,,,,23
,Chicago Bulls,Tony Bradley,25,"$2,036,318",,,,,,"$2,036,318"
,Chicago Bulls,Goran Dragic,37,"$1,836,090",,,,,,"$1,836,090"
,Chicago Bulls,Team Totals,"$127,421,485","$122,259,970","$79,920,112","$51,398,778","$48,967,380",,,"$341,479,063"
,Charlotte Hornets,Salary,Salary,Salary,Salary,Salary,,,,Salary
,Charlotte Hornets,Player,Age,2022-23,2023-24,2024-25,2025-26,2026-27,,2027-28
,Charlotte Hornets,Gordon Hayward,33,"$30,075,000","$31,500,000",,,,,"$61,575,000"
,Charlotte Hornets,Terry Rozier,29,"$21,486,316","$23,205,221","$24,924,126","$26,643,031",,,"$96,258,694"
,Charlotte Hornets,Kelly Oubre Jr.,27,"$12,600,000",,,,,,"$12,600,000"
,Charlotte Hornets,LaMelo Ball,21,"$8,623,920","$10,900,635",,,,,"$19,524,555"
,Charlotte Hornets,Cody Martin,27,"$7,000,000","$7,560,000","$8,120,000","$8,680,000",,,"$22,680,000"
,Charlotte Hornets,P.J. Washington,24,"$5,808,435",,,,,,"$5,808,435"
,Charlotte Hornets,James Bouknight,22,"$4,362,240","$4,570,080","$6,064,496",,,,"$8,932,320"
,Charlotte Hornets,Mark Williams,21,"$3,722,040","$3,908,160","$4,094,280","$6,276,531",,,"$7,630,200"
,Charlotte Hornets,Kai Jones,22,"$2,909,040","$3,047,880","$4,693,735",,,,"$5,956,920"
,Charlotte Hornets,Svi Mykhailiuk,26,"$1,836,090",,,,,,"$1,836,090"
,Charlotte Hornets,Dennis Smith Jr.,25,"$1,836,090",,,,,,"$1,836,090"
,Charlotte Hornets,Nick Richards,25,"$1,782,621",,,,,,"$1,782,621"
,Charlotte Hornets,JT Thor,20,"$1,563,518","$1,836,096","$1,988,598",,,,"$1,563,518"
,Charlotte Hornets,Bryce McGowens,20,"$1,075,000","$1,719,864","$2,019,699","$2,187,451",,,"$2,794,864"
,Charlotte Hornets,Kobi Simmons,,,,,,,,25
,Charlotte Hornets,Théo Maledon,,,,,,,,22
,Charlotte Hornets,Xavier Sneed,25,,,,,,,"$1,637,966"
,Charlotte Hornets,Reggie Jackson,33,"$11,215,260",,,,,,"$11,215,260"
,Charlotte Hornets,Nicolas Batum,34,"$8,856,969",,,,,,"$8,856,969"
,Charlotte Hornets,Team Totals,"$124,752,539","$88,247,936","$51,904,934","$43,787,013",,,,"$272,489,502"
,Cleveland Cavaliers,Salary,Salary,Salary,Salary,Salary,,,,Salary
,Cleveland Cavaliers,Player,Age,2022-23,2023-24,2024-25,2025-26,2026-27,,2027-28
,Cleveland Cavaliers,Donovan Mitchell,26,"$30,913,750","$33,162,030","$35,410,310","$37,096,620",,,"$99,486,090"
,Cleveland Cavaliers,Jarrett Allen,25,"$20,000,000","$20,000,000","$20,000,000","$20,000,000",,,"$80,000,000"
,Cleveland Cavaliers,Caris LeVert,28,"$18,796,296",,,,,,"$18,796,296"
,Cleveland Cavaliers,Darius Garland,23,"$8,920,795","$33,500,000","$36,180,000","$38,860,000","$41,540,000",,"$44,220,000"
,Cleveland Cavaliers,Evan Mobley,22,"$8,478,720","$8,882,640","$11,227,657",,,,"$17,361,360"
,Cleveland Cavaliers,Cedi Osman,28,"$7,426,088","$6,718,842",,,,,"$7,426,088"
,Cleveland Cavaliers,Isaac Okoro,22,"$7,040,880","$8,920,795",,,,,"$15,961,675"
,Cleveland Cavaliers,Ricky Rubio,32,"$5,853,659","$6,146,342","$6,439,025",,,,"$16,250,001"
,Cleveland Cavaliers,Dylan Windler,26,"$4,037,278",,,,,,"$4,037,278"
,Cleveland Cavaliers,Danny Green,36,"$2,000,000",,,,,,"$2,000,000"
,Cleveland Cavaliers,Dean Wade,26,"$1,930,681","$5,709,877","$6,166,667","$6,623,456",,,"$13,807,225"
,Cleveland Cavaliers,Raul Neto,31,"$1,836,090",,,,,,"$1,836,090"
,Cleveland Cavaliers,Robin Lopez,35,"$1,836,090",,,,,,"$1,836,090"
,Cleveland Cavaliers,Lamar Stevens,25,"$1,782,621","$1,930,681",,,,,"$3,713,302"
,Cleveland Cavaliers,Sam Merrill,27,"$850,000","$1,997,238","$2,164,993",,,,"$955,522"
,Cleveland Cavaliers,Isaiah Mobley,,,,,,,,23
,Cleveland Cavaliers,Mamadi Diakite,,,,,,,,26
,Cleveland Cavaliers,Kevin Love,34,"$28,942,830",,,,,,"$28,942,830"
,Cleveland Cavaliers,Team Totals,"$150,645,778","$126,968,445","$117,588,652","$102,580,076","$41,540,000","$44,220,000",,"$515,630,642"
,Dallas Mavericks,Salary,Salary,Salary,Salary,Salary,,,,Salary
,Dallas Mavericks,Player,Age,2022-23,2023-24,2024-25,2025-26,2026-27,,2027-28
,Dallas Mavericks,Kyrie Irving,31,"$38,917,057",,,,,,"$38,917,057"
,Dallas Mavericks,Luka Doncic,24,"$37,096,500","$40,064,220","$43,031,940","$45,999,660","$48,967,380",,"$166,192,320"
,Dallas Mavericks,Tim Hardaway Jr.,31,"$19,602,273","$17,897,728","$16,193,183",,,,"$53,693,184"
,Dallas Mavericks,Davis Bertans,30,"$16,000,000","$17,000,000","$16,000,000",,,,"$44,000,000"
,Dallas Mavericks,Christian Wood,27,"$14,317,459",,,,,,"$14,317,459"
,Dallas Mavericks,Dwight Powell,31,"$11,080,125",,,,,,"$11,080,125"
,Dallas Mavericks,Reggie Bullock,32,"$10,012,800","$10,489,600",,,,,"$15,464,000"
,Dallas Mavericks,Maxi Kleber,31,"$9,000,000","$11,000,000","$11,000,000","$11,000,000",,,"$42,000,000"
,Dallas Mavericks,JaVale McGee,35,"$5,461,219","$5,734,280","$6,007,341",,,,"$17,202,840"
,Dallas Mavericks,Josh Green,22,"$3,098,400","$4,765,339",,,,,"$7,863,739"
,Dallas Mavericks,Frank Ntilikina,24,"$2,036,318",,,,,,"$2,036,318"
,Dallas Mavericks,Markieff Morris,33,"$1,836,090",,,,,,"$1,836,090"
,Dallas Mavericks,Theo Pinson,27,"$1,836,090",,,,,,"$1,836,090"
,Dallas Mavericks,Jaden Hardy,20,"$1,017,781","$1,719,864","$2,019,699",,,,"$3,137,645"
,Dallas Mavericks,Justin Holiday,34,"$569,821",,,,,,"$569,821"
,Dallas Mavericks,McKinley Wright IV,,,,,,,,24
,Dallas Mavericks,A.J. Lawson,,,,,,,,22
,Dallas Mavericks,Kemba Walker,33,"$684,712",,,,,,"$684,712"
,Dallas Mavericks,Team Totals,"$172,566,645","$108,671,031","$94,252,163","$56,999,660","$48,967,380",,,"$420,831,400"
,Denver Nuggets,Player,Age,2022-23,2023-24,2024-25,2025-26,2026-27,,2027-28
,Denver Nuggets,Nikola Jokic,28,"$33,047,803","$46,900,000","$50,652,000","$54,404,000","$58,156,000","$61,908,000",,
,Denver Nuggets,Jamal Murray,26,"$31,650,600","$33,833,400","$36,016,200",,,,"$101,500,200"
,Denver Nuggets,Michael Porter Jr.,25,"$30,913,750","$33,386,850","$35,859,950","$38,333,050","$40,806,150",,"$150,493,600"
,Denver Nuggets,Aaron Gordon,27,"$19,690,909","$21,266,182","$22,841,455","$22,841,455",,,"$63,798,546"
,Denver Nuggets,Kentavious Caldwell-Pope,30,"$14,004,703","$14,704,938","$15,440,185",,,,"$28,709,641"
,Denver Nuggets,Bruce Brown,26,"$6,479,000","$6,802,950",,,,,"$6,479,000"
,Denver Nuggets,Ish Smith,34,"$4,725,000",,,,,,"$4,725,000"
,Denver Nuggets,Jeff Green,36,"$4,500,000",,,,,,"$4,500,000"
,Denver Nuggets,Christian Braun,22,"$2,808,600","$2,949,120","$3,089,640","$4,921,797",,,"$5,757,720"
,Denver Nuggets,Zeke Nnaji,22,"$2,617,800","$4,306,281",,,,,"$6,924,081"
,Denver Nuggets,Vlatko cancar,26,"$2,234,359","$2,234,359","$2,346,606",,,,"$4,468,718"
,Denver Nuggets,Peyton Watson,20,"$2,193,960","$2,303,520","$2,413,560","$4,356,476",,,"$4,497,480"
,Denver Nuggets,Thomas Bryant,25,"$1,836,090",,,,,,"$1,836,090"
,Denver Nuggets,DeAndre Jordan,34,"$1,836,090",,,,,,"$1,836,090"
,Denver Nuggets,Reggie Jackson,33,"$580,373",,,,,,"$580,373"
,Denver Nuggets,Collin Gillespie,,,,,,,,24
,Denver Nuggets,Jack White,,,,,,,,25
,Denver Nuggets,Team Totals,"$159,119,037","$168,687,600","$168,659,596","$124,856,778","$98,962,150","$61,908,000",,"$629,266,342"
,Detroit Pistons,Player,Age,2022-23,2023-24,2024-25,2025-26,2026-27,,2027-28
,Detroit Pistons,Bojan Bogdanovic,34,"$19,550,000","$20,000,000","$19,032,850",,,,"$39,550,000"
,Detroit Pistons,Marvin Bagley III,24,"$12,500,000","$12,500,000","$12,500,000",,,,"$37,500,000"
,Detroit Pistons,Cade Cunningham,21,"$10,552,800","$11,055,360","$13,940,809",,,,"$21,608,160"
,Detroit Pistons,Alec Burks,31,"$10,012,800","$10,489,600",,,,,"$20,502,400"
,Detroit Pistons,James Wiseman,22,"$9,603,360","$12,119,440",,,,,"$9,603,360"
,Detroit Pistons,Jaden Ivey,21,"$7,252,200","$7,614,480","$7,977,240","$10,107,163",,,"$14,866,680"
,Detroit Pistons,Killian Hayes,21,"$5,837,760","$7,413,955",,,,,"$13,251,715"
,Detroit Pistons,Hamidou Diallo,24,"$5,200,000",,,,,,"$5,200,000"
,Detroit Pistons,Cory Joseph,31,"$5,155,500",,,,,,"$5,155,500"
,Detroit Pistons,Jalen Duren,19,"$4,124,280","$4,330,680","$4,536,840","$6,483,144",,,"$8,454,960"
,Detroit Pistons,Isaiah Stewart,22,"$3,433,320","$5,266,713",,,,,"$8,700,033"
,Detroit Pistons,Rodney McGruder,31,"$1,836,090",,,,,,"$1,836,090"
,Detroit Pistons,Isaiah Livers,24,"$1,563,518","$1,836,096",,,,,"$3,399,614"
,Detroit Pistons,Eugene Omoruyi,26,"$269,445","$1,927,896",,,,,"$2,385,613"
,Detroit Pistons,Buddy Boeheim,,,,,,,,23
,Detroit Pistons,Jared Rhoden,,,,,,,,23
,Detroit Pistons,Nerlens Noel,29,"$9,240,000",,,,,,"$9,240,000"
,Detroit Pistons,Kemba Walker,33,"$9,165,471",,,,,,"$9,165,471"
,Detroit Pistons,DeAndre Jordan,34,"$7,827,907",,,,,,"$7,827,907"
,Detroit Pistons,Dewayne Dedmon,33,"$2,866,667","$2,866,667","$2,866,667",,,,"$8,600,001"
,Detroit Pistons,Stanley Umude,24,"$58,493",,,,,,"$58,493"
,Detroit Pistons,Team Totals,"$126,049,611","$97,420,887","$60,854,406","$16,590,307",,,,"$226,905,997"
,Golden State Warriors,Salary,Salary,Salary,Salary,Salary,,,,Salary
,Golden State Warriors,Player,Age,2022-23,2023-24,2024-25,2025-26,2026-27,,2027-28
,Golden State Warriors,Stephen Curry,35,"$48,070,014","$51,915,615","$55,761,216","$59,606,817",,,"$215,353,662"
,Golden State Warriors,Klay Thompson,33,"$40,600,080","$43,219,440",,,,,"$83,819,520"
,Golden State Warriors,Andrew Wiggins,28,"$33,616,770","$24,330,357","$26,276,786","$28,223,215","$30,169,644",,"$112,447,128"
,Golden State Warriors,Draymond Green,33,"$25,806,468","$27,586,224",,,,,"$25,806,468"
,Golden State Warriors,Gary Payton II,30,"$8,300,000","$8,715,000","$9,130,000",,,,"$17,015,000"
,Golden State Warriors,Kevon Looney,27,"$8,000,000","$8,500,000","$9,000,000",,,,"$25,500,000"
,Golden State Warriors,Jonathan Kuminga,20,"$5,739,840","$6,012,840","$7,636,307",,,,"$11,752,680"
,Golden State Warriors,Donte DiVincenzo,26,"$4,500,000","$4,725,000",,,,,"$4,500,000"
,Golden State Warriors,Jordan Poole,24,"$3,901,399","$28,705,357","$30,901,786","$33,098,215","$35,294,642",,"$131,901,399"
,Golden State Warriors,Moses Moody,21,"$3,740,160","$3,918,480","$5,803,269",,,,"$7,658,640"
,Golden State Warriors,Patrick Baldwin Jr.,20,"$2,226,000","$2,337,720","$2,448,840","$4,420,156",,,"$4,563,720"
,Golden State Warriors,JaMychal Green,33,"$1,836,090",,,,,,"$1,836,090"
,Golden State Warriors,Andre Iguodala,39,"$1,836,090",,,,,,"$1,836,090"
,Golden State Warriors,Ryan Rollins,21,"$1,017,781","$1,719,864","$2,019,699",,,,"$2,737,645"
,Golden State Warriors,Anthony Lamb,25,"$253,254",,,,,,"$253,254"
,Golden State Warriors,Ty Jerome,,,,,,,,25
,Golden State Warriors,Lester Quinones,22,,,,,,,"$58,493"
,Golden State Warriors,Mac McClung,24,"$1,637,966",,,,,,"$1,637,966"
,Golden State Warriors,Team Totals,"$191,081,912","$211,685,897","$148,977,903","$125,348,403","$65,464,286",,,"$648,677,755"
,Houston Rockets,Salary,Salary,Salary,Salary,Salary,,,,Salary
,Houston Rockets,Player,Age,2022-23,2023-24,2024-25,2025-26,2026-27,,2027-28
,Houston Rockets,Jalen Green,21,"$9,441,840","$9,891,480","$12,483,048",,,,"$19,333,320"
,Houston Rockets,Jabari Smith Jr.,20,"$8,882,640","$9,326,520","$9,770,880","$12,350,392",,,"$18,209,160"
,Houston Rockets,Jae'Sean Tate,27,"$7,065,217","$6,500,000","$7,065,217",,,,"$13,565,217"
,Houston Rockets,Boban Marjanovic,34,"$4,101,478",,,,,,"$4,101,478"
,Houston Rockets,Alperen Şengün,20,"$3,375,360","$3,536,280","$5,424,654",,,,"$6,911,640"
,Houston Rockets,Tari Eason,22,"$3,359,160","$3,527,160","$3,695,160","$5,675,766",,,"$6,886,320"
,Houston Rockets,Kevin Porter Jr.,23,"$3,217,631","$18,239,000","$18,239,000","$18,239,000","$18,239,000",,"$21,456,631"
,Houston Rockets,Usman Garuba,21,"$2,471,160","$2,588,400","$4,392,515",,,,"$5,059,560"
,Houston Rockets,Josh Christopher,21,"$2,372,160","$2,485,200","$4,346,615",,,,"$4,857,360"
,Houston Rockets,TyTy Washington Jr.,21,"$2,210,040","$2,320,440","$2,431,080","$4,388,099",,,"$4,530,480"
,Houston Rockets,Frank Kaminsky,30,"$1,836,090",,,,,,"$1,836,090"
,Houston Rockets,Kenyon Martin Jr.,22,"$1,782,621","$1,930,681",,,,,"$3,713,302"
,Houston Rockets,D.J. Augustin,35,"$333,333",,,,,,"$333,333"
,Houston Rockets,Willie Cauley-Stein,29,,,,,,,"$2,569,012"
,Houston Rockets,Trevor Hudgins,,,,,,,,24
,Houston Rockets,Darius Days,,,,,,,,23
,Houston Rockets,John Wall,32,"$47,345,760","$6,802,950",,,,,"$54,148,710"
,Houston Rockets,Derrick Favors,31,"$10,183,800",,,,,,"$10,183,800"
,Houston Rockets,Danny Green,36,"$9,710,528",,,,,,"$9,710,528"
,Houston Rockets,Justin Holiday,34,"$6,292,440",,,,,,"$6,292,440"
,Houston Rockets,Maurice Harkless,30,"$4,564,980",,,,,,"$4,564,980"
,Houston Rockets,Ty Jerome,25,"$4,220,057",,,,,,"$4,220,057"
,Houston Rockets,Théo Maledon,22,"$1,900,000",,,,,,"$1,900,000"
,Houston Rockets,Troy Williams,28,"$122,741",,,,,,"$122,741"
,Houston Rockets,Team Totals,"$134,789,036","$67,148,111","$67,848,169","$40,653,257","$18,239,000",,,"$204,506,159"
,Indiana Pacers,Salary,Salary,Salary,Salary,Salary,,,,Salary
,Indiana Pacers,Player,Age,2022-23,2023-24,2024-25,2025-26,2026-27,,2027-28
,Indiana Pacers,Myles Turner,27,"$35,069,500","$20,975,000","$19,928,500",,,,"$75,973,000"
,Indiana Pacers,Buddy Hield,30,"$21,177,750","$19,279,841",,,,,"$40,457,591"
,Indiana Pacers,Daniel Theis,31,"$8,694,369","$9,108,387","$9,522,405",,,,"$17,802,756"
,Indiana Pacers,T.J. McConnell,31,"$8,100,000","$8,700,000","$9,300,000",,,,"$21,800,000"
,Indiana Pacers,Bennedict Mathurin,21,"$6,586,800","$6,916,080","$7,245,720","$9,187,573",,,"$13,502,880"
,Indiana Pacers,Jalen Smith,23,"$4,670,160","$5,043,773","$5,417,386",,,,"$9,713,933"
,Indiana Pacers,Tyrese Haliburton,23,"$4,215,120","$5,808,435",,,,,"$10,023,555"
,Indiana Pacers,George Hill,37,"$4,000,000",,,,,,"$4,000,000"
,Indiana Pacers,Chris Duarte,26,"$3,936,960","$4,124,400","$5,893,768",,,,"$8,061,360"
,Indiana Pacers,Aaron Nesmith,23,"$3,804,360","$5,634,257",,,,,"$9,438,617"
,Indiana Pacers,Jordan Nwora,24,"$2,800,000","$3,000,000",,,,,"$5,800,000"
,Indiana Pacers,Isaiah Jackson,21,"$2,573,760","$2,696,280","$4,435,381",,,,"$5,270,040"
,Indiana Pacers,James Johnson,36,"$2,427,016",,,,,,"$2,427,016"
,Indiana Pacers,Andrew Nembhard,23,"$2,244,111","$2,131,905","$2,019,699","$2,187,451",,,"$6,395,715"
,Indiana Pacers,Oshae Brissett,25,"$1,846,738",,,,,,"$1,846,738"
,Indiana Pacers,Kendall Brown,,,,,,,,20
,Indiana Pacers,Gabe York,29,,,,,,,"$1,637,966"
,Indiana Pacers,Goga Bitadze,23,"$4,765,339",,,,,,"$4,765,339"
,Indiana Pacers,Serge Ibaka,33,"$1,836,090",,,,,,"$1,836,090"
,Indiana Pacers,Terry Taylor,23,"$1,563,518",,,,,,"$1,563,518"
,Indiana Pacers,Nik Stauskas,29,"$702,311","$702,311","$702,310",,,,"$2,106,932"
,Indiana Pacers,Juwan Morgan,26,"$576,230","$576,230","$576,229",,,,"$1,728,689"
,Indiana Pacers,Malik Fitts,25,"$555,217","$555,217","$555,216",,,,"$1,665,650"
,Indiana Pacers,Team Totals,"$122,145,349","$95,252,116","$65,596,614","$11,375,024",,,,"$247,817,385"
,Los Angeles Clippers,Salary,Salary,Salary,Salary,Salary,,,,Salary
,Los Angeles Clippers,Player,Age,2022-23,2023-24,2024-25,2025-26,2026-27,,2027-28
,Los Angeles Clippers,Paul George,33,"$42,492,492","$45,640,084","$48,787,676",,,,"$88,132,576"
,Los Angeles Clippers,Kawhi Leonard,32,"$42,492,492","$45,640,084","$48,787,676",,,,"$88,132,576"
,Los Angeles Clippers,Norman Powell,30,"$16,758,621","$18,000,000","$19,241,379","$20,482,758",,,"$74,482,758"
,Los Angeles Clippers,Marcus Morris,33,"$16,372,093","$17,116,279",,,,,"$33,488,372"
,Los Angeles Clippers,Robert Covington,32,"$12,307,692","$11,692,308",,,,,"$24,000,000"
,Los Angeles Clippers,Nicolas Batum,34,"$10,843,350","$11,710,818",,,,,"$22,554,168"
,Los Angeles Clippers,Ivica Zubac,26,"$10,123,457","$10,933,333","$11,743,210",,,,"$32,800,000"
,Los Angeles Clippers,Mason Plumlee,33,"$9,080,417",,,,,,"$9,080,417"
,Los Angeles Clippers,Amir Coffey,26,"$3,395,062","$3,666,667","$3,938,271",,,,"$11,000,000"
,Los Angeles Clippers,Bones Hyland,22,"$2,201,520","$2,306,400","$4,158,439",,,,"$4,507,920"
,Los Angeles Clippers,Terance Mann,26,"$1,930,681","$10,576,923","$11,423,077",,,,"$23,930,681"
,Los Angeles Clippers,Brandon Boston Jr.,21,"$1,563,518","$1,836,096",,,,,"$1,563,518"
,Los Angeles Clippers,Jason Preston,23,"$1,563,518","$1,836,096",,,,,"$1,563,518"
,Los Angeles Clippers,Russell Westbrook,34,"$495,955",,,,,,"$495,955"
,Los Angeles Clippers,Moussa Diabaté,,,,,,,,21
,Los Angeles Clippers,Xavier Moon,,,,,,,,28
,Los Angeles Clippers,Team Totals,"$171,620,868","$180,955,088","$148,079,728","$20,482,758",,,,"$415,732,459"
,Los Angeles Lakers,Salary,Salary,Salary,Salary,Salary,,,,Salary
,Los Angeles Lakers,Player,Age,2022-23,2023-24,2024-25,2025-26,2026-27,,2027-28
,Los Angeles Lakers,LeBron James,38,"$44,474,988","$53,369,986","$57,639,585",,,,"$97,844,974"
,Los Angeles Lakers,Anthony Davis,30,"$37,980,720","$40,600,080","$43,219,440",,,,"$78,580,800"
,Los Angeles Lakers,D'Angelo Russell,27,"$31,377,750",,,,,,"$31,377,750"
,Los Angeles Lakers,Malik Beasley,26,"$15,558,035","$16,524,106",,,,,"$15,558,035"
,Los Angeles Lakers,Lonnie Walker IV,24,"$6,479,000",,,,,,"$6,479,000"
,Los Angeles Lakers,Rui Hachimura,25,"$6,263,188",,,,,,"$6,263,188"
,Los Angeles Lakers,Jarred Vanderbilt,24,"$4,374,000","$4,698,000",,,,,"$4,674,000"
,Los Angeles Lakers,Wenyen Gabriel,26,"$1,878,720",,,,,,"$1,878,720"
,Los Angeles Lakers,Troy Brown Jr.,23,"$1,836,090",,,,,,"$1,836,090"
,Los Angeles Lakers,Dennis Schröder,29,"$1,836,090",,,,,,"$1,836,090"
,Los Angeles Lakers,Austin Reaves,25,"$1,563,518",,,,,,"$1,563,518"
,Los Angeles Lakers,Max Christie,20,"$1,017,781","$1,719,864",,,,,"$2,737,645"
,Los Angeles Lakers,Scotty Pippen Jr.,,,,,,,,22
,Los Angeles Lakers,Cole Swider,,,,,,,,24
,Los Angeles Lakers,Tristan Thompson,,,,,,,,32
,Los Angeles Lakers,Davon Reed,28,"$1,902,133",,,,,,"$1,902,133"
,Los Angeles Lakers,Team Totals,"$156,542,013","$116,912,036","$100,859,025",,,,,"$252,531,943"
,Memphis Grizzlies,Salary,Salary,Salary,Salary,Salary,,,,Salary
,Memphis Grizzlies,Player,Age,2022-23,2023-24,2024-25,2025-26,2026-27,,2027-28
,Memphis Grizzlies,Jaren Jackson Jr.,23,"$28,946,605","$27,102,202","$25,257,798","$23,413,395",,,"$104,720,000"
,Memphis Grizzlies,Steven Adams,29,"$17,926,829","$12,600,000","$12,600,000",,,,"$43,126,829"
,Memphis Grizzlies,Tyus Jones,27,"$15,000,000",,,,,,"$15,000,000"
,Memphis Grizzlies,Luke Kennard,27,"$14,415,545","$15,418,363","$15,418,363",,,,"$29,833,908"
,Memphis Grizzlies,Ja Morant,23,"$12,119,440","$33,500,000","$36,180,000","$38,860,000","$41,540,000",,"$44,220,000"
,Memphis Grizzlies,Dillon Brooks,27,"$11,400,000",,,,,,"$11,400,000"
,Memphis Grizzlies,Ziaire Williams,21,"$4,591,680","$4,810,200","$6,133,005",,,,"$9,401,880"
,Memphis Grizzlies,Brandon Clarke,26,"$4,343,920","$12,500,000","$12,500,000","$12,500,000","$12,500,000",,"$54,343,920"
,Memphis Grizzlies,Jake LaRavia,21,"$3,047,640","$3,199,920","$3,352,680","$5,163,127",,,"$6,247,560"
,Memphis Grizzlies,David Roddy,22,"$2,588,640","$2,718,240","$2,847,240","$4,831,766",,,"$5,306,880"
,Memphis Grizzlies,John Konchar,27,"$2,300,000","$2,400,000","$6,165,000","$6,165,000","$6,165,000",,"$23,195,000"
,Memphis Grizzlies,Desmond Bane,25,"$2,130,240","$3,845,083",,,,,"$5,975,323"
,Memphis Grizzlies,Santi Aldama,22,"$2,094,120","$2,194,200","$3,960,531",,,,"$4,288,320"
,Memphis Grizzlies,Xavier Tillman Sr.,24,"$1,782,621","$1,930,681",,,,,"$3,713,302"
,Memphis Grizzlies,Jacob Gilyard,24,,,,,,,"$1,017,781"
,Memphis Grizzlies,Kenneth Lofton Jr.,,,,,,,,20
,Memphis Grizzlies,Vince Williams Jr.,,,,,,,,22
,Memphis Grizzlies,Kennedy Chandler,20,"$1,200,000","$1,719,864","$2,019,699",,,,"$4,939,563"
,Memphis Grizzlies,Team Totals,"$123,887,280","$123,938,753","$126,434,316","$90,933,288","$60,205,000","$44,220,000",,"$528,929,706"
,Miami Heat,Salary,Salary,Salary,Salary,Salary,,,,Salary
,Miami Heat,Player,Age,2022-23,2023-24,2024-25,2025-26,2026-27,,2027-28
,Miami Heat,Jimmy Butler,33,"$37,653,300","$45,183,960","$48,798,677","$52,413,394",,,"$131,635,937"
,Miami Heat,Bam Adebayo,25,"$30,351,780","$32,600,060","$34,848,340","$37,096,620",,,"$134,896,800"
,Miami Heat,Kyle Lowry,37,"$28,333,334","$29,682,540",,,,,"$58,015,874"
,Miami Heat,Duncan Robinson,29,"$16,902,000","$18,154,000","$19,406,000","$19,888,000",,,"$64,350,000"
,Miami Heat,Victor Oladipo,31,"$8,750,000","$9,450,000",,,,,"$18,200,000"
,Miami Heat,Caleb Martin,27,"$6,479,000","$6,802,950","$7,126,900",,,,"$20,408,850"
,Miami Heat,Tyler Herro,23,"$5,722,116","$27,000,000","$29,000,000","$31,000,000","$33,000,000",,"$125,722,116"
,Miami Heat,Kevin Love,34,"$3,114,138",,,,,,"$3,114,138"
,Miami Heat,Nikola Jovic,20,"$2,239,920","$2,352,000","$2,464,200","$4,445,417",,,"$4,591,920"
,Miami Heat,Udonis Haslem,43,"$1,836,090",,,,,,"$1,836,090"
,Miami Heat,Max Strus,27,"$1,815,677",,,,,,"$1,815,677"
,Miami Heat,Gabe Vincent,27,"$1,815,677",,,,,,"$1,815,677"
,Miami Heat,Haywood Highsmith,26,"$1,752,638","$1,902,137",,,,,"$1,752,638"
,Miami Heat,Omer Yurtseven,25,"$1,752,638",,,,,,"$1,752,638"
,Miami Heat,Cody Zeller,30,"$517,060",,,,,,"$517,060"
,Miami Heat,Jamal Cain,,,,,,,,24
,Miami Heat,Orlando Robinson,,,,,,,,22
,Miami Heat,Team Totals,"$149,035,368","$173,127,647","$141,644,117","$144,843,431","$33,000,000",,,"$570,425,415"
,Milwaukee Bucks,Salary,Salary,Salary,Salary,Salary,,,,Salary
,Milwaukee Bucks,Player,Age,2022-23,2023-24,2024-25,2025-26,2026-27,,2027-28
,Milwaukee Bucks,Giannis Antetokounmpo,28,"$42,492,492","$45,640,084","$48,787,676","$51,935,268",,,"$136,920,252"
,Milwaukee Bucks,Khris Middleton,31,"$37,948,276","$40,396,552",,,,,"$37,948,276"
,Milwaukee Bucks,Jrue Holiday,33,"$33,665,040","$36,158,747","$38,652,454",,,,"$69,823,787"
,Milwaukee Bucks,Brook Lopez,35,"$13,906,976",,,,,,"$13,906,976"
,Milwaukee Bucks,Bobby Portis,28,"$10,843,350","$11,710,818","$12,578,286","$13,445,754",,,"$35,132,454"
,Milwaukee Bucks,Jae Crowder,32,"$10,183,800",,,,,,"$10,183,800"
,Milwaukee Bucks,Grayson Allen,27,"$8,500,000","$8,500,000",,,,,"$17,000,000"
,Milwaukee Bucks,Joe Ingles,35,"$6,479,000",,,,,,"$6,479,000"
,Milwaukee Bucks,Pat Connaughton,30,"$5,728,393","$9,423,869","$9,423,869","$9,423,869",,,"$34,000,000"
,Milwaukee Bucks,MarJon Beauchamp,22,"$2,485,200","$2,609,400","$2,733,720","$4,781,276",,,"$5,094,600"
,Milwaukee Bucks,Jevon Carter,27,"$2,100,000","$2,239,943",,,,,"$2,100,000"
,Milwaukee Bucks,Thanasis Antetokounmpo,30,"$1,878,720",,,,,,"$1,878,720"
,Milwaukee Bucks,Wesley Matthews,36,"$1,836,090",,,,,,"$1,836,090"
,Milwaukee Bucks,Goran Dragic,37,"$390,433",,,,,,"$390,433"
,Milwaukee Bucks,Meyers Leonard,31,"$105,522",,,,,,"$495,955"
,Milwaukee Bucks,Lindell Wigginton,25,,,,,,,"$1,637,966"
,Milwaukee Bucks,A.J. Green,,,,,,,,23
,Milwaukee Bucks,Team Totals,"$178,543,292","$156,679,413","$112,176,005","$79,586,167",,,,"$374,828,309"
,Minnesota Timberwolves,Salary,Salary,Salary,Salary,Salary,,,,Salary
,Minnesota Timberwolves,Player,Age,2022-23,2023-24,2024-25,2025-26,2026-27,,2027-28
,Minnesota Timberwolves,Rudy Gobert,31,"$38,172,414","$41,000,000","$43,827,586","$46,655,172",,,"$123,000,000"
,Minnesota Timberwolves,Karl-Anthony Towns,27,"$33,833,400","$36,016,200","$49,245,000","$53,184,600","$57,124,200",,"$61,063,800"
,Minnesota Timberwolves,Mike Conley,35,"$22,680,000","$24,360,000",,,,,"$37,000,000"
,Minnesota Timberwolves,Anthony Edwards,21,"$10,733,400","$13,534,817",,,,,"$24,268,217"
,Minnesota Timberwolves,Kyle Anderson,29,"$8,780,488","$9,219,512",,,,,"$18,000,000"
,Minnesota Timberwolves,Taurean Prince,29,"$7,295,000","$7,650,000",,,,,"$14,945,000"
,Minnesota Timberwolves,Nickeil Alexander-Walker,24,"$5,009,633",,,,,,"$5,009,633"
,Minnesota Timberwolves,Wendell Moore Jr.,21,"$2,306,520","$2,421,720","$2,537,040","$4,574,283",,,"$4,728,240"
,Minnesota Timberwolves,Jaden McDaniels,22,"$2,161,440","$3,901,399",,,,,"$6,062,839"
,Minnesota Timberwolves,Jordan McLaughlin,27,"$2,160,000","$2,320,000",,,,,"$2,160,000"
,Minnesota Timberwolves,Jaylen Nowell,23,"$1,930,681",,,,,,"$1,930,681"
,Minnesota Timberwolves,Nathan Knight,25,"$1,836,090","$1,997,238",,,,,"$1,836,090"
,Minnesota Timberwolves,Austin Rivers,30,"$1,836,090",,,,,,"$1,836,090"
,Minnesota Timberwolves,Josh Minott,20,"$1,017,781","$1,719,864","$2,019,699","$2,187,451",,,"$2,737,645"
,Minnesota Timberwolves,Luka Garza,,,,,,,,24
,Minnesota Timberwolves,Matt Ryan,,,,,,,,26
,Minnesota Timberwolves,Bryn Forbes,29,"$1,836,090",,,,,,"$1,836,090"
,Minnesota Timberwolves,Team Totals,"$141,589,027","$144,140,750","$97,629,325","$106,601,506","$57,124,200","$61,063,800",,"$474,753,925"
,New Orleans Pelicans,Salary,Salary,Salary,Salary,Salary,,,,Salary
,New Orleans Pelicans,Player,Age,2022-23,2023-24,2024-25,2025-26,2026-27,,2027-28
,New Orleans Pelicans,CJ McCollum,31,"$33,333,333","$35,802,469","$33,333,333","$30,666,666",,,"$133,135,801"
,New Orleans Pelicans,Brandon Ingram,25,"$31,650,600","$33,833,400","$36,016,200",,,,"$101,500,200"
,New Orleans Pelicans,Jonas Valanciūnas,31,"$14,700,000","$15,435,000",,,,,"$30,135,000"
,New Orleans Pelicans,Zion Williamson,22,"$13,534,817","$33,500,000","$36,180,000","$38,860,000","$41,540,000",,"$44,220,000"
,New Orleans Pelicans,Josh Richardson,29,"$12,196,094",,,,,,"$12,196,094"
,New Orleans Pelicans,Larry Nance Jr.,30,"$9,672,727","$10,375,000","$11,205,000",,,,"$31,252,727"
,New Orleans Pelicans,Jaxson Hayes,23,"$6,803,012",,,,,,"$6,803,012"
,New Orleans Pelicans,Dyson Daniels,20,"$5,508,600","$5,784,120","$6,059,520","$7,707,709",,,"$11,292,720"
,New Orleans Pelicans,Garrett Temple,37,"$5,155,500","$5,401,000",,,,,"$5,155,500"
,New Orleans Pelicans,Kira Lewis Jr.,22,"$4,004,280","$5,722,116",,,,,"$9,726,396"
,New Orleans Pelicans,Trey Murphy III,23,"$3,206,520","$3,359,280","$5,159,854",,,,"$6,565,800"
,New Orleans Pelicans,Willy Hernangómez,29,"$2,443,581","$2,559,942",,,,,"$2,443,581"
,New Orleans Pelicans,Herbert Jones,24,"$1,785,000","$1,836,096",,,,,"$1,785,000"
,New Orleans Pelicans,Naji Marshall,25,"$1,782,621","$1,930,681",,,,,"$3,713,302"
,New Orleans Pelicans,Jose Alvarado,25,"$1,563,518","$1,836,096","$1,988,598",,,,"$1,563,518"
,New Orleans Pelicans,E.J. Liddell,,,,,,,,22
,New Orleans Pelicans,Dereon Seabron,,,,,,,,23
,New Orleans Pelicans,Team Totals,"$147,340,203","$157,375,200","$129,942,505","$77,234,375","$41,540,000","$44,220,000",,"$565,103,468"
,New York Knicks,Salary,Salary,Salary,Salary,Salary,,,,Salary
,New York Knicks,Player,Age,2022-23,2023-24,2024-25,2025-26,2026-27,,2027-28
,New York Knicks,Jalen Brunson,26,"$27,733,332","$26,346,666","$24,960,001","$24,960,001",,,"$79,039,999"
,New York Knicks,Julius Randle,28,"$23,760,000","$25,660,800","$27,561,600","$29,462,400",,,"$76,982,400"
,New York Knicks,Evan Fournier,30,"$18,000,000","$18,857,143","$19,000,000",,,,"$55,857,143"
,New York Knicks,Mitchell Robinson,25,"$17,045,454","$15,681,818","$14,318,182","$12,954,546",,,"$60,000,000"
,New York Knicks,Derrick Rose,34,"$14,520,730","$15,596,339",,,,,"$14,520,730"
,New York Knicks,Josh Hart,28,"$12,960,000","$12,960,000",,,,,"$25,920,000"
,New York Knicks,RJ Barrett,23,"$10,900,635","$23,883,929","$25,794,643","$27,705,357","$29,616,071",,"$117,900,635"
,New York Knicks,Isaiah Hartenstein,25,"$7,804,879","$8,195,121",,,,,"$16,000,000"
,New York Knicks,Obi Toppin,25,"$5,348,280","$6,803,012",,,,,"$12,151,292"
,New York Knicks,Immanuel Quickley,24,"$2,316,240","$4,171,548",,,,,"$6,487,788"
,New York Knicks,Quentin Grimes,23,"$2,277,000","$2,385,720","$4,296,682",,,,"$4,662,720"
,New York Knicks,Jericho Sims,24,"$1,639,842","$1,927,896","$2,092,344",,,,"$2,239,842"
,New York Knicks,Miles McBride,22,"$1,563,518","$1,836,096",,,,,"$3,399,614"
,New York Knicks,Isaiah Roby,,,,,,,,25
,New York Knicks,Trevor Keels,19,,,,,,,"$58,493"
,New York Knicks,DaQuan Jeffries,25,,,,,,,"$211,044"
,New York Knicks,Duane Washington Jr.,,,,,,,,23
,New York Knicks,Team Totals,"$145,869,910","$164,306,088","$118,023,452","$95,082,304","$29,616,071",,,"$475,431,700"
,Oklahoma City Thunder,Salary,Salary,Salary,Salary,Salary,,,,Salary
,Oklahoma City Thunder,Player,Age,2022-23,2023-24,2024-25,2025-26,2026-27,,2027-28
,Oklahoma City Thunder,Shai Gilgeous-Alexander,24,"$30,913,750","$33,386,850","$35,859,950","$38,333,050","$40,806,150",,"$179,299,750"
,Oklahoma City Thunder,Luguentz Dort,24,"$15,277,778","$15,277,778","$16,500,000","$17,722,222","$17,722,222",,"$64,777,778"
,Oklahoma City Thunder,Chet Holmgren,21,"$9,891,240","$10,386,000","$10,880,640","$13,731,368",,,"$20,277,240"
,Oklahoma City Thunder,Dario Šaric,29,"$9,240,000",,,,,,"$9,240,000"
,Oklahoma City Thunder,Josh Giddey,20,"$6,287,400","$6,587,040","$8,352,367",,,,"$12,874,440"
,Oklahoma City Thunder,Ousmane Dieng,20,"$4,569,840","$4,798,440","$5,027,040","$6,670,882",,,"$9,368,280"
,Oklahoma City Thunder,Jalen Williams,22,"$4,341,480","$4,558,680","$4,775,760","$6,580,997",,,"$8,900,160"
,Oklahoma City Thunder,Aleksej Pokusevski,21,"$3,261,480","$5,009,633",,,,,"$8,271,113"
,Oklahoma City Thunder,Tre Mann,22,"$3,046,200","$3,191,400","$4,908,373",,,,"$6,237,600"
,Oklahoma City Thunder,Kenrich Williams,28,"$2,000,000","$6,175,000","$6,669,000","$7,163,000","$7,163,000",,"$22,007,000"
,Oklahoma City Thunder,Jaylin Williams,21,"$2,000,000","$2,000,000","$2,019,699","$2,187,451",,,"$4,000,000"
,Oklahoma City Thunder,Jeremiah Robinson-Earl,22,"$2,000,000","$1,900,000","$1,988,598",,,,"$2,000,000"
,Oklahoma City Thunder,Lindy Waters III,25,"$1,927,896","$1,927,896",,,,,"$1,927,896"
,Oklahoma City Thunder,Isaiah Joe,24,"$1,836,090","$1,997,238","$2,164,993",,,,"$1,836,090"
,Oklahoma City Thunder,Aaron Wiggins,24,"$1,563,518","$1,836,096","$1,988,598",,,,"$1,563,518"
,Oklahoma City Thunder,Jared Butler,,,,,,,,22
,Oklahoma City Thunder,Olivier Sarr,,,,,,,,24
,Oklahoma City Thunder,Kemba Walker,33,"$27,431,078",,,,,,"$27,431,078"
,Oklahoma City Thunder,JaMychal Green,33,"$8,200,000",,,,,,"$8,200,000"
,Oklahoma City Thunder,David Nwaba,30,"$5,022,000",,,,,,"$5,022,000"
,Oklahoma City Thunder,Sterling Brown,28,"$3,000,000",,,,,,"$3,000,000"
,Oklahoma City Thunder,Marquese Chriss,26,"$2,193,920",,,,,,"$2,193,920"
,Oklahoma City Thunder,Justin Jackson,28,"$1,836,090",,,,,,"$1,836,090"
,Oklahoma City Thunder,Kyle Singler,35,"$999,200",,,,,,"$999,200"
,Oklahoma City Thunder,Team Totals,"$146,838,960","$99,032,051","$101,135,018","$92,388,970","$65,691,372",,,"$401,263,153"
,Orlando Magic,Salary,Salary,Salary,Salary,Salary,,,,Salary
,Orlando Magic,Player,Age,2022-23,2023-24,2024-25,2025-26,2026-27,,2027-28
,Orlando Magic,Jonathan Isaac,25,"$17,400,000","$17,400,000","$17,400,000",,,,"$24,800,000"
,Orlando Magic,Markelle Fultz,25,"$16,500,000","$17,000,000",,,,,"$18,500,000"
,Orlando Magic,Wendell Carter Jr.,24,"$14,150,000","$13,050,000","$11,950,000","$10,850,000",,,"$50,000,000"
,Orlando Magic,Gary Harris,28,"$13,000,000","$13,000,000",,,,,"$13,000,000"
,Orlando Magic,Paolo Banchero,20,"$11,055,120","$11,608,080","$12,160,800","$15,334,769",,,"$22,663,200"
,Orlando Magic,Jalen Suggs,22,"$6,922,320","$7,252,080","$9,188,385",,,,"$14,174,400"
,Orlando Magic,Franz Wagner,21,"$5,258,280","$5,508,720","$7,007,092",,,,"$10,767,000"
,Orlando Magic,Cole Anthony,23,"$3,613,680","$5,539,771",,,,,"$9,153,451"
,Orlando Magic,Chuma Okeke,24,"$3,433,320","$5,266,713",,,,,"$8,700,033"
,Orlando Magic,Bol Bol,23,"$2,200,000","$2,200,000",,,,,"$2,200,000"
,Orlando Magic,Caleb Houstan,20,"$2,000,000","$2,000,000","$2,019,699","$2,187,699",,,"$4,000,000"
,Orlando Magic,Moritz Wagner,26,"$1,878,720",,,,,,"$1,878,720"
,Orlando Magic,Michael Carter-Williams,31,"$652,829","$3,051,144",,,,,"$652,829"
,Orlando Magic,Goga Bitadze,23,"$612,181","$2,066,585",,,,,"$2,678,766"
,Orlando Magic,Admiral Schofield,26,"$506,508","$1,997,238",,,,,"$506,508"
,Orlando Magic,Kevon Harris,,,,,,,,26
,Orlando Magic,Patrick Beverley,34,"$13,000,000",,,,,,"$13,000,000"
,Orlando Magic,Terrence Ross,32,"$11,500,000",,,,,,"$11,500,000"
,Orlando Magic,Devin Cannady,27,"$1,752,638",,,,,,"$1,752,638"
,Orlando Magic,Team Totals,"$125,435,596","$106,940,331","$59,725,976","$28,372,468",,,,"$209,927,545"
,Philadelphia 76ers,Salary,Salary,Salary,Salary,Salary,,,,Salary
,Philadelphia 76ers,Player,Age,2022-23,2023-24,2024-25,2025-26,2026-27,,2027-28
,Philadelphia 76ers,Tobias Harris,30,"$37,633,050","$39,270,150",,,,,"$76,903,200"
,Philadelphia 76ers,Joel Embiid,29,"$33,616,770","$46,900,000","$50,652,000","$54,404,000","$58,156,000",,"$185,572,770"
,Philadelphia 76ers,James Harden,33,"$33,000,000","$35,640,000",,,,,"$68,640,000"
,Philadelphia 76ers,P.J. Tucker,38,"$10,490,000","$11,014,500","$11,539,000",,,,"$21,504,500"
,Philadelphia 76ers,De'Anthony Melton,25,"$8,250,000","$8,000,000",,,,,"$9,750,000"
,Philadelphia 76ers,Furkan Korkmaz,25,"$5,000,000","$5,370,370",,,,,"$10,370,370"
,Philadelphia 76ers,Danuel House Jr.,30,"$4,105,000","$4,310,250",,,,,"$8,415,250"
,Philadelphia 76ers,Georges Niang,30,"$3,465,000",,,,,,"$3,465,000"
,Philadelphia 76ers,Tyrese Maxey,22,"$2,726,880","$4,343,920",,,,,"$7,070,800"
,Philadelphia 76ers,Montrezl Harrell,29,"$2,463,490","$2,760,026",,,,,"$2,463,490"
,Philadelphia 76ers,Jaden Springer,20,"$2,125,200","$2,226,240","$4,018,363",,,,"$4,351,440"
,Philadelphia 76ers,Shake Milton,26,"$1,997,718",,,,,,"$1,997,718"
,Philadelphia 76ers,Jalen McDaniels,25,"$1,930,681",,,,,,"$1,930,681"
,Philadelphia 76ers,Paul Reed,24,"$1,782,621",,,,,,"$1,782,621"
,Philadelphia 76ers,Dewayne Dedmon,33,"$580,373","$4,324,000",,,,,"$580,373"
,Philadelphia 76ers,Mac McClung,24,,,,,,,"$1,637,966"
,Philadelphia 76ers,Louis King,,,,,,,,24
,Philadelphia 76ers,Trevelin Queen,26,"$330,000",,,,,,"$330,000"
,Philadelphia 76ers,Charles Bassey,22,"$74,742",,,,,,"$74,742"
,Philadelphia 76ers,Team Totals,"$149,571,525","$164,159,456","$66,209,363","$54,404,000","$58,156,000",,,"$406,840,921"
,Phoenix Suns,Salary,Salary,Salary,Salary,Salary,,,,Salary
,Phoenix Suns,Player,Age,2022-23,2023-24,2024-25,2025-26,2026-27,,2027-28
,Phoenix Suns,Kevin Durant,34,"$44,119,845","$47,649,433","$51,179,021","$54,708,609",,,"$197,656,908"
,Phoenix Suns,Devin Booker,26,"$33,833,400","$36,016,200","$49,245,000","$53,184,600","$57,124,200",,"$61,063,800"
,Phoenix Suns,Deandre Ayton,24,"$30,913,750","$32,459,438","$34,005,126","$35,550,814",,,"$132,929,128"
,Phoenix Suns,Chris Paul,38,"$28,400,000",,,,,,"$28,400,000"
,Phoenix Suns,Landry Shamet,26,"$9,500,000",,,,,,"$9,500,000"
,Phoenix Suns,Cameron Payne,28,"$6,000,000","$6,500,000",,,,,"$8,000,000"
,Phoenix Suns,Torrey Craig,32,"$5,121,951",,,,,,"$5,121,951"
,Phoenix Suns,Darius Bazley,23,"$4,264,629",,,,,,"$4,264,629"
,Phoenix Suns,Bismack Biyombo,30,"$1,836,090",,,,,,"$1,836,090"
,Phoenix Suns,Damion Lee,30,"$1,836,090",,,,,,"$1,836,090"
,Phoenix Suns,Josh Okogie,24,"$1,836,090",,,,,,"$1,836,090"
,Phoenix Suns,T.J. Warren,29,"$1,836,090",,,,,,"$1,836,090"
,Phoenix Suns,Jock Landale,27,"$1,563,518",,,,,,"$1,563,518"
,Phoenix Suns,Terrence Ross,32,"$580,373",,,,,,"$580,373"
,Phoenix Suns,Ish Wainright,28,"$474,851","$1,927,896",,,,,"$2,402,747"
,Phoenix Suns,Saben Lee,24,,,,,,,"$211,044"
,Phoenix Suns,Team Totals,"$172,116,677","$124,552,967","$134,429,147","$143,444,023","$57,124,200","$61,063,800",,"$688,441,858"
,Portland Trail Blazers,Salary,Salary,Salary,Salary,Salary,,,,Salary
,Portland Trail Blazers,Player,Age,2022-23,2023-24,2024-25,2025-26,2026-27,,2027-28
,Portland Trail Blazers,Damian Lillard,32,"$42,492,492","$45,640,084","$48,787,676","$58,545,211","$63,228,828",,"$195,465,463"
,Portland Trail Blazers,Anfernee Simons,24,"$22,321,429","$24,107,143","$25,892,857","$27,678,571",,,"$100,000,000"
,Portland Trail Blazers,Jerami Grant,29,"$20,955,000",,,,,,"$20,955,000"
,Portland Trail Blazers,Jusuf Nurkic,28,"$15,625,000","$16,875,000","$18,125,000","$19,375,000",,,"$70,000,000"
,Portland Trail Blazers,Shaedon Sharpe,20,"$6,012,960","$6,313,800","$6,614,160","$8,399,983",,,"$12,326,760"
,Portland Trail Blazers,Cam Reddish,23,"$5,954,454",,,,,,"$5,954,454"
,Portland Trail Blazers,Matisse Thybulle,26,"$4,379,527",,,,,,"$4,379,527"
,Portland Trail Blazers,Nassir Little,23,"$4,171,548","$6,250,000","$6,750,000","$7,250,000","$7,750,000",,"$32,171,548"
,Portland Trail Blazers,Justise Winslow,27,"$4,097,561",,,,,,"$4,097,561"
,Portland Trail Blazers,Kevin Knox,23,"$3,000,000","$3,000,000",,,,,"$3,000,000"
,Portland Trail Blazers,Keon Johnson,21,"$2,681,040","$2,808,720","$4,474,291",,,,"$5,489,760"
,Portland Trail Blazers,Drew Eubanks,26,"$1,836,090",,,,,,"$1,836,090"
,Portland Trail Blazers,Trendon Watford,22,"$1,563,518","$1,836,096","$1,988,598",,,,"$5,388,212"
,Portland Trail Blazers,Jabari Walker,20,"$1,017,781","$1,719,864","$2,019,699",,,,"$1,417,781"
,Portland Trail Blazers,Ibou Badji,,,,,,,,20
,Portland Trail Blazers,Jeenathan Williams,,,,,,,,24
,Portland Trail Blazers,Skylar Mays,,,,,,,,25
,Portland Trail Blazers,Chance Comanche,,,,,,,,27
,Portland Trail Blazers,John Butler,,,,,,,,20
,Portland Trail Blazers,Andrew Nicholson,33,"$2,844,430","$2,844,430",,,,,"$5,688,860"
,Portland Trail Blazers,Ryan Arcidiacono,29,"$1,836,090",,,,,,"$1,836,090"
,Portland Trail Blazers,Greg Brown III,21,"$1,563,518",,,,,,"$1,563,518"
,Portland Trail Blazers,Eric Bledsoe,33,"$1,300,000","$1,300,000","$1,300,000",,,,"$3,900,000"
,Portland Trail Blazers,Didi Louzada,24,"$268,032","$268,032","$268,032","$268,032","$268,032",,"$268,032"
,Portland Trail Blazers,Team Totals,"$143,920,470","$112,963,169","$116,220,313","$121,516,797","$71,246,860","$268,032",,"$477,346,848"
,Sacramento Kings,Salary,Salary,Salary,Salary,Salary,,,,Salary
,Sacramento Kings,Player,Age,2022-23,2023-24,2024-25,2025-26,2026-27,,2027-28
,Sacramento Kings,De'Aaron Fox,25,"$30,351,780","$32,600,060","$34,848,340","$37,096,620",,,"$134,896,800"
,Sacramento Kings,Domantas Sabonis,27,"$18,500,000","$19,400,000",,,,,"$37,900,000"
,Sacramento Kings,Harrison Barnes,31,"$18,352,273",,,,,,"$18,352,273"
,Sacramento Kings,Kevin Huerter,24,"$14,508,929","$15,669,643","$16,830,357","$17,991,071",,,"$65,000,000"
,Sacramento Kings,Richaun Holmes,29,"$11,215,260","$12,046,020","$12,876,780",,,,"$23,261,280"
,Sacramento Kings,Malik Monk,25,"$9,472,219","$9,945,830",,,,,"$19,418,049"
,Sacramento Kings,Keegan Murray,22,"$8,008,440","$8,409,000","$8,809,560","$11,144,093",,,"$16,417,440"
,Sacramento Kings,Davion Mitchell,24,"$4,833,600","$5,063,640","$6,451,077",,,,"$9,897,240"
,Sacramento Kings,Terence Davis,26,"$4,000,000",,,,,,"$4,000,000"
,Sacramento Kings,Alex Len,30,"$3,918,600",,,,,,"$3,918,600"
,Sacramento Kings,Trey Lyles,27,"$2,625,000",,,,,,"$2,625,000"
,Sacramento Kings,Chimezie Metu,26,"$1,910,860",,,,,,"$1,910,860"
,Sacramento Kings,Matthew Dellavedova,32,"$1,836,090",,,,,,"$1,836,090"
,Sacramento Kings,Kessler Edwards,22,"$1,637,966","$1,927,896",,,,,"$3,565,862"
,Sacramento Kings,PJ Dozier,26,"$539,450","$2,413,304",,,,,"$750,494"
,Sacramento Kings,Keon Ellis,,,,,,,,23
,Sacramento Kings,Neemias Queta,,,,,,,,23
,Sacramento Kings,KZ Okpala,24,"$1,902,133",,,,,,"$1,902,133"
,Sacramento Kings,Chima Moneke,27,"$500,000",,,,,,"$500,000"
,Sacramento Kings,Sam Merrill,27,"$150,000",,,,,,"$150,000"
,Sacramento Kings,Team Totals,"$134,262,600","$107,475,393","$79,816,114","$66,231,784",,,,"$346,302,121"
,San Antonio Spurs,Salary,Salary,Salary,Salary,Salary,,,,Salary
,San Antonio Spurs,Player,Age,2022-23,2023-24,2024-25,2025-26,2026-27,,2027-28
,San Antonio Spurs,Doug McDermott,31,"$13,750,000","$13,750,000",,,,,"$27,500,000"
,San Antonio Spurs,Devonte' Graham,28,"$11,550,000","$12,100,000","$12,650,000",,,,"$26,500,000"
,San Antonio Spurs,Zach Collins,25,"$7,350,000","$7,700,000",,,,,"$7,350,000"
,San Antonio Spurs,Khem Birch,30,"$6,667,500","$6,985,000",,,,,"$13,652,500"
,San Antonio Spurs,Romeo Langford,23,"$5,634,257",,,,,,"$5,634,257"
,San Antonio Spurs,Jeremy Sochan,20,"$5,063,520","$5,316,960","$5,570,040","$7,096,231",,,"$10,380,480"
,San Antonio Spurs,Devin Vassell,22,"$4,437,000","$5,887,899",,,,,"$10,324,899"
,San Antonio Spurs,Keldon Johnson,23,"$3,873,025","$20,000,000","$19,000,000","$17,500,000","$17,500,000",,"$77,873,025"
,San Antonio Spurs,Malaki Branham,20,"$2,925,600","$3,071,880","$3,217,920","$4,962,033",,,"$5,997,480"
,San Antonio Spurs,Charles Bassey,22,"$2,600,000","$2,600,000","$2,500,000","$2,500,000",,,"$5,200,000"
,San Antonio Spurs,Gorgui Dieng,33,"$2,458,672",,,,,,"$2,669,716"
,San Antonio Spurs,Blake Wesley,20,"$2,385,480","$2,504,640","$2,624,280","$4,726,328",,,"$4,890,120"
,San Antonio Spurs,Keita Bates-Diop,27,"$1,878,720",,,,,,"$1,878,720"
,San Antonio Spurs,Tre Jones,23,"$1,782,621",,,,,,"$1,782,621"
,San Antonio Spurs,Sandro Mamukelashvili,24,"$357,717",,,,,,"$357,717"
,San Antonio Spurs,Dominick Barlow,,,,,,,,20
,San Antonio Spurs,Julian Champagnie,,,,,,,,22
,San Antonio Spurs,Dewayne Dedmon,33,"$4,700,000",,,,,,"$4,700,000"
,San Antonio Spurs,Joshua Primo,20,"$4,144,320","$4,341,600",,,,,"$8,485,920"
,San Antonio Spurs,Joe Wieskamp,23,"$2,175,000",,,,,,"$2,175,000"
,San Antonio Spurs,Isaiah Roby,25,"$1,930,681",,,,,,"$1,930,681"
,San Antonio Spurs,Stanley Johnson,27,"$1,245,164",,,,,,"$1,245,164"
,San Antonio Spurs,Noah Vonleh,27,"$1,160,955",,,,,,"$1,160,955"
,San Antonio Spurs,Alize Johnson,27,"$192,293",,,,,,"$192,293"
,San Antonio Spurs,Team Totals,"$88,262,525","$84,257,979","$45,562,240","$36,784,592","$17,500,000",,,"$221,881,548"
,Toronto Raptors,Salary,Salary,Salary,Salary,Salary,,,,Salary
,Toronto Raptors,Player,Age,2022-23,2023-24,2024-25,2025-26,2026-27,,2027-28
,Toronto Raptors,Pascal Siakam,29,"$35,448,672","$37,893,408",,,,,"$73,342,080"
,Toronto Raptors,Fred VanVleet,29,"$21,250,000","$22,824,074",,,,,"$21,250,000"
,Toronto Raptors,Gary Trent Jr.,24,"$17,505,000","$18,785,000",,,,,"$36,290,000"
,Toronto Raptors,OG Anunoby,25,"$17,357,143","$18,642,857","$19,928,571",,,,"$36,000,000"
,Toronto Raptors,Chris Boucher,30,"$12,690,000","$11,750,000","$10,810,000",,,,"$35,250,000"
,Toronto Raptors,Jakob Poeltl,27,"$9,398,148",,,,,,"$9,398,148"
,Toronto Raptors,Thaddeus Young,35,"$8,000,000","$8,000,000",,,,,"$9,000,000"
,Toronto Raptors,Scottie Barnes,21,"$7,644,600","$8,008,680","$10,130,980",,,,"$15,653,280"
,Toronto Raptors,Otto Porter Jr.,30,"$6,000,000","$6,300,000",,,,,"$12,300,000"
,Toronto Raptors,Precious Achiuwa,23,"$2,840,160","$4,379,527",,,,,"$7,219,687"
,Toronto Raptors,Malachi Flynn,25,"$2,145,720","$3,873,025",,,,,"$6,018,745"
,Toronto Raptors,Dalano Banton,23,"$1,563,518",,,,,,"$1,563,518"
,Toronto Raptors,Christian Koloko,23,"$1,500,000","$1,719,864","$2,019,699",,,,"$3,219,864"
,Toronto Raptors,Joe Wieskamp,23,"$545,989","$1,927,896",,,,,"$734,261"
,Toronto Raptors,Will Barton,32,"$432,642",,,,,,"$432,642"
,Toronto Raptors,Ron Harper Jr.,,,,,,,,23
,Toronto Raptors,Jeff Dowtin,,,,,,,,26
,Toronto Raptors,Svi Mykhailiuk,26,"$1,878,720",,,,,,"$1,878,720"
,Toronto Raptors,Juancho Hernangómez,27,"$1,836,090",,,,,,"$1,836,090"
,Toronto Raptors,D.J. Wilson,27,"$250,000",,,,,,"$250,000"
,Toronto Raptors,Team Totals,"$148,286,402","$144,104,331","$42,889,250",,,,,"$271,637,035"
,Utah Jazz,Salary,Salary,Salary,Salary,Salary,,,,Salary
,Utah Jazz,Player,Age,2022-23,2023-24,2024-25,2025-26,2026-27,,2027-28
,Utah Jazz,Collin Sexton,24,"$16,500,000","$17,325,000","$18,150,000","$18,975,000",,,"$70,950,000"
,Utah Jazz,Lauri Markkanen,26,"$16,475,454","$17,259,999","$18,044,544",,,,"$39,735,453"
,Utah Jazz,Jordan Clarkson,31,"$13,340,000","$14,260,000",,,,,"$27,600,000"
,Utah Jazz,Kelly Olynyk,32,"$12,804,878","$12,195,122",,,,,"$15,804,878"
,Utah Jazz,Talen Horton-Tucker,22,"$10,260,000","$11,020,000",,,,,"$21,280,000"
,Utah Jazz,Rudy Gay,36,"$6,184,500","$6,479,000",,,,,"$12,663,500"
,Utah Jazz,Ochai Agbaji,23,"$3,918,360","$4,114,200","$4,310,280","$6,383,525",,,"$8,032,560"
,Utah Jazz,Simone Fontecchio,27,"$3,205,128","$3,044,872",,,,,"$6,250,000"
,Utah Jazz,Walker Kessler,21,"$2,696,400","$2,831,160","$2,965,920","$4,878,938",,,"$5,527,560"
,Utah Jazz,Damian Jones,28,"$2,298,385","$2,586,665",,,,,"$4,885,050"
,Utah Jazz,Udoka Azubuike,23,"$2,174,880",,,,,,"$2,174,880"
,Utah Jazz,Juan Toscano-Anderson,30,"$1,836,090",,,,,,"$1,836,090"
,Utah Jazz,Kris Dunn,29,"$735,819","$2,586,665",,,,,"$946,863"
,Utah Jazz,Johnny Juzang,,,,,,,,22
,Utah Jazz,Vernon Carey Jr.,,,,,,,,22
,Utah Jazz,Micah Potter,,,,,,,,25
,Utah Jazz,Luka Šamanic,,,,,,,,23
,Utah Jazz,Russell Westbrook,34,"$47,063,478",,,,,,"$47,063,478"
,Utah Jazz,Leandro Bolmaro,22,"$2,471,160",,,,,,"$2,471,160"
,Utah Jazz,Stanley Johnson,27,"$2,351,521",,,,,,"$2,351,521"
,Utah Jazz,Saben Lee,24,"$1,752,638",,,,,,"$1,752,638"
,Utah Jazz,Jared Butler,22,"$1,563,518",,,,,,"$1,563,518"
,Utah Jazz,Team Totals,"$147,632,209","$93,702,683","$43,470,744","$30,237,463",,,,"$272,889,149"
,Washington Wizards,Salary,Salary,Salary,Salary,Salary,,,,Salary
,Washington Wizards,Player,Age,2022-23,2023-24,2024-25,2025-26,2026-27,,2027-28
,Washington Wizards,Bradley Beal,30,"$43,279,250",,,,,,"$43,279,250"
,Washington Wizards,Kristaps Porziņģis,27,"$33,833,400",,,,,,"$33,833,400"
,Washington Wizards,Kyle Kuzma,27,"$13,000,000","$13,000,000",,,,,"$13,000,000"
,Washington Wizards,Monte Morris,28,"$9,125,000","$9,800,926",,,,,"$18,925,926"
,Washington Wizards,Delon Wright,31,"$7,804,878","$8,195,122",,,,,"$16,000,000"
,Washington Wizards,Kendrick Nunn,27,"$5,250,000",,,,,,"$5,250,000"
,Washington Wizards,Deni Avdija,22,"$4,916,160","$6,263,188",,,,,"$11,179,348"
,Washington Wizards,Johnny Davis,21,"$4,810,320","$5,050,800","$5,291,160","$6,746,229",,,"$9,861,120"
,Washington Wizards,Corey Kispert,24,"$3,552,840","$3,722,040","$5,705,887",,,,"$7,274,880"
,Washington Wizards,Daniel Gafford,24,"$1,930,681","$12,402,000","$13,394,160","$14,386,320",,,"$42,113,161"
,Washington Wizards,Taj Gibson,38,"$1,836,090",,,,,,"$1,836,090"
,Washington Wizards,Anthony Gill,30,"$1,836,090","$1,997,238",,,,,"$3,833,328"
,Washington Wizards,Isaiah Todd,21,"$1,575,000",,,,,,"$1,575,000"
,Washington Wizards,Jordan Goodwin,24,"$900,000",,,,,,"$900,000"
,Washington Wizards,Xavier Cooks,27,"$140,384","$1,719,864","$2,019,699","$2,187,451",,,"$1,860,248"
,Washington Wizards,Quenton Jackson,24,,,,,,,"$1,017,781"
,Washington Wizards,Jay Huff,,,,,,,,24
,Washington Wizards,Will Barton,32,"$14,375,000",,,,,,"$14,375,000"
,Washington Wizards,Vernon Carey Jr.,22,"$1,782,621",,,,,,"$1,782,621"
,Washington Wizards,Team Totals,"$149,947,714","$62,151,178","$26,410,906","$23,320,000",,,,"$227,897,153"
